,Search_direction,Cost_function,Penalty,K,AE,MeanTime,Percision,Recall,F1,RI,CPs
0,WIN,l2,3,12,5,67.9090909090909,0.8181818181818182,0.5625,0.6666666666666666,0.9417991620482921,[ 3015  4095  5585  5620  6665  6675  7995  9520 10220 11890 13000 14401]
